size,cpu_elapsed_s,gpu_elapsed_s,cpu_fom,gpu_fom,speedup_time,speedup_fom
30,1.0,0.027,2593.8543,98432.373,37.03703703703704,37.94830457516446
50,2.1,0.072,6086.0065,173233.37,29.16666666666667,28.46421048022213
70,5.0,0.18,6888.0301,190704.94,27.77777777777778,27.686426631614168
90,11.0,0.36,6512.5401,205148.7,30.555555555555557,31.500566115516126
110,21.0,0.63,6467.8238,212521.36,33.333333333333336,32.858248241085356
